ID,Ilce_Adi,Mahalle_Adi,Bufe_Adi,Enlem,Boylam
1,MALTEPE,KÜÇÜKYALI MERKEZ,Küçükyalı Büfe,40.9468139984181,29.1113459998107
2,SANCAKTEPE,ATATÜRK,Kemal Türkler,41.0084019983536,29.218714999631
3,ESENYURT,YENİKENT,Yenikent 1,41.0428199979268,28.6804890000685
4,BEYOĞLU,PİYALEPAŞA,Piyalepaşa Büfe,41.0489869981386,28.9636899997636
5,KÜÇÜKÇEKMECE,YENİ MAHALLE,Tepeüstü Büfe,40.9967306253736,28.7763611709477
6,ESENLER,TURGUT REİS,Esenler Umut Büfe,41.0599969982109,28.8626070004091
7,SARIYER,İSTİNYE,İstinye,41.1163110761913,29.0509918988887
8,ÜMRANİYE,NAMIK KEMAL,Mevlana,41.0234509982998,29.0918509998117
9,ATAŞEHİR,FERHATPAŞA,Ferhatpaşa Büfe,40.9829459982524,29.1731229998003
10,ATAŞEHİR,İÇERENKÖY,Bostancı Köprü,40.9654799981524,29.1060949996225
11,FATİH,YAVUZ SULTAN SELİM,Haliç Büfe,41.027610998071,28.9550969996408
12,ÜMRANİYE,TANTAVİ,Maverapark,41.0314705628751,29.0869003053969
13,BAŞAKŞEHİR,KAYABAŞI,Kayaşehir 1 Büfe,41.1071509983543,28.7587299996713
14,ARNAVUTKÖY,ANADOLU,Arnavutköy Merkez,41.1847938558914,28.7414483986092
15,BAHÇELİEVLER,BAHÇELİEVLER,Kadir Has Büfe,40.995619998006,28.8640460004864
16,PENDİK,YENİŞEHİR,Cumhuriyet Büfe,40.9331669982489,29.3094169998775
17,ŞİŞLİ,KAPTANPAŞA,Ssk Okmeydanı Büfe,41.0655469980047,28.9732870000327
18,BAĞCILAR,KEMALPAŞA,Havuz Büfe,41.0467629983455,28.8503059994183
19,KÜÇÜKÇEKMECE,KANARYA,Kanarya Cami Büfe,41.0115029982163,28.78128399957
20,BAŞAKŞEHİR,ZİYA GÖKALP,Ayazma Büfe,41.0774349979275,28.7795800001468
21,ŞİŞLİ,MERKEZ,Şişli Büfe,41.0636259984298,28.9894579996185
22,KÜÇÜKÇEKMECE,ATATÜRK,Atakent 2 Büfe,41.0517419978023,28.7933749998876
23,ZEYTİNBURNU,ÇIRPICI,Modabağ Büfe,41.000447445914,28.8976094810558
24,BÜYÜKÇEKMECE,KUMBURGAZ,Kumburgaz Büfe,41.0321839977681,28.4520300000551
25,FATİH,HASEKİ SULTAN,Ufi Büfe,41.0094099986161,28.9487739999634
26,ÇEKMEKÖY,SOĞUKPINAR,Soğukpınar Büfe,41.0216969983807,29.2307960004393
27,PENDİK,GÜLLÜ BAĞLAR,Güllübağlar Bağlar,40.8947259979223,29.2739679996536
28,KÜÇÜKÇEKMECE,KARTALTEPE,Kartaltepe Büfe,41.0041804490055,28.8002387700626
29,FATİH,HIRKA-İ ŞERİF,Karagümrük Meydan Büfe,41.0249029979021,28.9400330000654
30,BAĞCILAR,HÜRRİYET,Hürriyet Büfe,41.0246429984691,28.8303769998642
31,PENDİK,YAYALAR,Yayalar Büfe,40.9056369983941,29.2638359997567
32,KÜÇÜKÇEKMECE,GÜLTEPE,Gültepe Büfe,40.9990341995473,28.7929055094116
33,EYÜPSULTAN,EMNİYETTEPE,Nurtepe Büfe,41.0726509985304,28.9558010003102
34,ZEYTİNBURNU,GÖKALP,Gökalp Büfe,40.9916511790127,28.9059916787162
35,ŞİŞLİ,FULYA,Mecidiyeköy Büfe,41.0662329982553,28.9958380000664
36,SULTANGAZİ,İSMETPAŞA,Sultan 1,41.1040434107298,28.8592705563045
37,KÜÇÜKÇEKMECE,ATAKENT,Şehit Yılmaz Özdemir Büfe,41.0421429984479,28.786636000166
38,PENDİK,ÇAMLIK,Manolya Büfe,40.9248319981952,29.2877580004009
39,KARTAL,KARLIKTEPE,Esen Büfe,40.900041997986,29.1849610000943
40,BEYLİKDÜZÜ,ADNAN KAHVECİ,Adnan Kahveci 3 Büfe,40.9980159979251,28.6255900001098
41,BAKIRKÖY,OSMANİYE,İncirli Metro Büfe,40.9968749983825,28.8741560003564
42,BEYKOZ,TOKATKÖY,Cindere Büfe,41.1563519978003,29.0951229995253
43,BAHÇELİEVLER,BAHÇELİEVLER,Haznedar Büfe,41.0062999978413,28.8705350004368
44,AVCILAR,AMBARLI,Avcılar Merkez,40.9778713925282,28.7209898269314
45,EYÜPSULTAN,YEŞİLPINAR,Bölge Park Büfe,41.0815449983382,28.9201150001707
46,EYÜPSULTAN,KARADOLAP,Alibeyköy Büfe,41.0740139981069,28.9412430000964
47,BEYKOZ,RÜZGARLIBAHÇE,Rüzgarlıbahçe,41.0951289981396,29.0994710005096
48,EYÜPSULTAN,KARADOLAP,Eytaş Karadolap Büfe,41.0730379981895,28.9397459997495
49,BEYOĞLU,PİRİPAŞA,Kalaycıbahçe Büfe,41.0452309978631,28.9530779999174
50,KAĞITHANE,SULTAN SELİM,Sanayi 2 Büfe,41.0917955797378,28.9984815285584
51,SARIYER,FERAHEVLER,Ferahevler,41.129631058427,29.0425017044291
52,ESENYURT,İSTİKLAL,Kıraç İstiklal Büfe,41.0379989985091,28.6498880004806
53,GÜNGÖREN,MERKEZ,Köy İçi Büfe,41.0242459578778,28.8721865022238
54,EYÜPSULTAN,ÇIRÇIR,Didem Büfe,41.0816219985588,28.9403800004505
55,BAŞAKŞEHİR,BAŞAK,Başak 4 Büfe,41.1113922612947,28.8098600284014
56,ATAŞEHİR,ÖRNEK,Örnek Büfe,40.9956869981585,29.0851490002954
57,ATAŞEHİR,İÇERENKÖY,Kozyatağı Metro Büfe,40.9764819982299,29.0995009994249
58,FATİH,CERRAHPAŞA,Cerrahpaşa Büfe,41.0064519982714,28.9400680000299
59,KÜÇÜKÇEKMECE,MEHMET AKİF,Kanarya Karakol Büfe,41.0570892552769,28.8043907252772
60,ATAŞEHİR,KÜÇÜKBAKKALKÖY,Ataşehir Su Deposu,40.9791959985592,29.125193999421
61,KÜÇÜKÇEKMECE,KANARYA,Kanarya Ömer,41.0151504001226,28.7856980032034
62,SARIYER,TARABYA,Ömürtepe,41.1427520997714,29.0452412277123
63,BEŞİKTAŞ,ORTAKÖY,Ortaköy Büfe,41.0500069986159,29.0256109995009
64,ESENLER,HAVAALANI,Turgut Reis Camii Büfe,41.061321998095,28.867812999849
65,MALTEPE,ESENKENT,Esenkent Büfe,40.927042997815,29.1676969995755
66,KÜÇÜKÇEKMECE,HALKALI MERKEZ,Atakent 3 Büfe,41.0411937624004,28.7962472208716
67,BAYRAMPAŞA,YENİDOĞAN,Beykoz Soğuksu,41.1185566955638,29.1240034141017
68,KÜÇÜKÇEKMECE,KANARYA,Gazze Büfe,41.011227998562,28.7801159996213
69,BÜYÜKÇEKMECE,ÇAKMAKLI,Çakmaklı Büfe,41.0535769982147,28.6277440005268
70,BEYOĞLU,KEMANKEŞ KARAMUSTAFAPAŞA,Rıhtım Büfe,41.0224989977572,28.977209000124
71,BAĞCILAR,YILDIZTEPE,Ulu Camii Büfe,41.0256349985602,28.8571079997381
72,GAZİOSMANPAŞA,YENİ MAHALLE,Küçükköy Yeni Büfe,41.0790739982388,28.9008710003308
73,BAHÇELİEVLER,SOĞANLI,Soğanlı 2 Büfe,41.010704997732,28.8516120001911
74,EYÜPSULTAN,SAKARYA,Reyhanim Büfe,41.0641219977344,28.9415009999121
75,GAZİOSMANPAŞA,YENİ MAHALLE,Küçükköy,41.0731258852211,28.8983101277444
76,SANCAKTEPE,EMEK,Sancaktepe Onur Büfe,41.0041949981173,29.1998639995749
77,FATİH,BALAT,Murat Molla Büfe,41.0274919978613,28.9472780005668
78,BEYKOZ,ORTAÇEŞME,Beykoz Parkı Büfe,41.1403619985486,29.0862569998357
79,BAŞAKŞEHİR,KAYABAŞI,Sağlam Büfe,41.1337379985425,28.778951000509
80,ZEYTİNBURNU,MERKEZEFENDİ,Dönmez Büfe,41.0113573177528,28.9132995384333
81,BEYKOZ,KAVACIK,Kavacık Büfe,41.0896199982107,29.0813189997325
82,PENDİK,DUMLUPINAR,Leylak Büfe,40.8877579982821,29.2567260000676
83,ARNAVUTKÖY,HADIMKÖY,Hadımköy Toki Büfe,41.1816789985991,28.6129030003823
84,MALTEPE,ZÜMRÜTEVLER,Zümrütevler Büfe,40.9428099983231,29.1502920003293
85,ESENLER,KEMER,Hacılar Büfe,41.0529639983469,28.8755529996764
86,KÜÇÜKÇEKMECE,YEŞİLOVA,Seyran,40.9937862079229,28.7880132936801
87,GAZİOSMANPAŞA,HÜRRİYET,Paşaçayırı,41.0671027677902,28.900085092417
88,TUZLA,AYDINLI,Aydınlıköy Toki,40.861561997776,29.3406700003417
89,FATİH,TOPKAPI,Suriçi Büfe,41.0206859978505,28.9279549997008
90,ATAŞEHİR,MEVLANA,Türkiş Merkez Büfe,40.9891679984401,29.1558919999002
91,PENDİK,ESENLER,Çamçeşme Büfe,40.8813889986011,29.2726629994329
92,FATİH,SİLİVRİKAPI,Kocamustafa Paşa Büfe,41.0045847056045,28.9313080653993
93,BEŞİKTAŞ,MECİDİYE,Ortaköy Cami Büfe,41.0541186099086,29.0227251220355
94,BAHÇELİEVLER,FEVZİ ÇAKMAK,Çobançeşme Büfe,41.0036119984999,28.8309160002256
95,BAŞAKŞEHİR,KAYABAŞI,Fenertepe 3 Büfe,41.1276489979301,28.7777629997988
96,MALTEPE,ALTAYÇEŞME,Maltepe Park Büfe,40.9259189981947,29.12993300024
97,ATAŞEHİR,KÜÇÜKBAKKALKÖY,Küçükbakkalköy Merkez 2,40.9836459981741,29.1150649996061
98,BEYLİKDÜZÜ,BÜYÜKŞEHİR,Beylikdüzü Büyükşehir Büfe,41.0036419980513,28.6459150000045
99,GAZİOSMANPAŞA,MERKEZ,Yusuf Büfe,41.0594442172571,28.9083123854389
100,SULTANGAZİ,HABİBLER,Habibler,41.1334123621896,28.8389234454424
101,SARIYER,FATİH SULTAN MEHMET,Fsm,41.0923592515646,29.041307014039
102,ÜMRANİYE,ADEM YAVUZ,Yıldırım Beyazıt Büfe,41.0197584547473,29.1556420782596
103,SULTANGAZİ,ESENTEPE,Esentepe 3 Büfe,41.1029339981644,28.88318700032
104,GAZİOSMANPAŞA,YILDIZTABYA,Karlıtepe Büfe,41.0621215551376,28.926526743771
105,BAHÇELİEVLER,ŞİRİNEVLER,Temel Büfe,40.9967283316026,28.8502411017683
106,BAHÇELİEVLER,ZAFER,Akelif Büfe,41.0108429980501,28.8333019994993
107,SULTANGAZİ,YUNUS EMRE,Yunus Emre,41.0990131923656,28.8936777728389
108,BAŞAKŞEHİR,BAŞAK,Vadi Center Büfe,41.1063829981383,28.8100999995936
109,AVCILAR,ÜNİVERSİTE,Avcılar Geçit Büfe,40.9906009978148,28.7144719995821
110,ESENLER,TURGUT REİS,Bingöl Büfe,41.0589289982057,28.8628530004009
111,KARTAL,CEVİZLİ,Seyrantepe Büfe,40.9086549979049,29.1773719999861
112,KARTAL,ORHANTEPE,Çınar Park Büfe,40.9103549980357,29.1636569995051
113,ESENYURT,ARDIÇLI,Yenikent 2 Büfe,41.0461519984668,28.6807900004191
114,ÜMRANİYE,MEHMET AKİF,Asya Büfe,41.0084789978228,29.1385440000879
115,SULTANGAZİ,İSMETPAŞA,İsmetpaşa 2,41.1059724718831,28.8537790584812
116,KAĞITHANE,HAMİDİYE,Havuzlar Büfe,41.0941230208609,28.9741618740068
117,BAŞAKŞEHİR,BAŞAKŞEHİR,Başak 2 Büfe,41.1042067387775,28.7899245231102
118,FATİH,SÜMBÜL EFENDİ,Hacıpiri Büfe,41.0002194648455,28.9238740604509
119,ÜMRANİYE,TANTAVİ,Tantavi Büfe,41.0249897781421,29.084553031591
120,SANCAKTEPE,ABDURRAHMANGAZİ,Ela Büfe,41.0002119983588,29.2221930001772
121,KAĞITHANE,NURTEPE,Güzeltepe Meydan Büfe,41.0743429985351,28.9571700002407
122,SULTANGAZİ,CEBECİ,Hamarat,41.1087468068532,28.8721184196951
123,ZEYTİNBURNU,BEŞTELSİZ,Samet Büfe,41.0016580340159,28.901939226527
124,AVCILAR,FİRUZKÖY,Firüzköy Büfe,41.0154869984926,28.7048529996855
125,KARTAL,ORTA,Kartal Metro Büfe,40.9066399982312,29.2100969998549
126,SULTANGAZİ,UĞUR MUMCU,Uğurmumcu 4 Büfe,41.1033648721395,28.8688662795932
127,KARTAL,GÜMÜŞPINAR,Gümüşpınar,40.9206299982688,29.2069159994418
128,AVCILAR,TAHTAKALE,Ispartakule Büfe,41.065551998168,28.7149260002122
129,PENDİK,YENİŞEHİR,Orhangazi Büfe,40.9254859982488,29.2981179999092
130,FATİH,SEYYİD ÖMER,Ali Paşa Büfe,41.0068349980409,28.9361869996981
131,ÜSKÜDAR,YAVUZTÜRK,Tarih Büfe,41.0498829983026,29.0850349999911
132,SANCAKTEPE,VEYSEL KARANİ,Osmangazi,40.9724679978484,29.2475379994835
133,SULTANGAZİ,GAZİ,Gazi 3 Büfe,41.1039759984568,28.8973789996413
134,KÜÇÜKÇEKMECE,İNÖNÜ,Maslakçeşme 1 Büfe,41.0232829981031,28.7967489996645
135,SULTANGAZİ,UĞUR MUMCU,Uğur Mumcu 1,41.1005161938468,28.8670618458534
136,SULTANGAZİ,GAZİ,Gazi 2,41.1066987386066,28.8923987881876
137,KADIKÖY,MERDİVENKÖY,Fikirtepe Büfe,40.9886869985314,29.064976999646
138,ESENLER,TUNA,Karabayır Büfe,41.0483149982441,28.8613700003847
139,BAYRAMPAŞA,İSMET PAŞA,Sağmalcılar Büfe,41.0414659979871,28.9076080000757
140,GAZİOSMANPAŞA,YENİ MAHALLE,Küçükköy Meydan Büfe,41.0749439983791,28.9021879998094
141,PENDİK,KAYNARCA,Karamuk,40.8745959980321,29.255058999981
142,SULTANGAZİ,50. YIL,50. Yıl 3,41.091597422554,28.8758008050745
143,SANCAKTEPE,SAFA,Y.doğan Dörtyol Büfe,41.008011997843,29.2419200005227
144,ÜSKÜDAR,ÜNALAN,Ünalan 2 Büfe,40.997233425864,29.0654267624872
145,ESENLER,KEMER,Vatandaş Büfe,41.0502569980657,28.8792709998623
146,SARIYER,RUMELİ HİSARI,Boğaziçi Büfe,41.085326998366,29.0467419996706
147,FATİH,HASEKİ SULTAN,Kızılelma Büfe,41.0118601233702,28.9394593261012
148,BEŞİKTAŞ,KONAKLAR,Levent Metro Büfe,41.0857815460621,29.0078945529259
149,ZEYTİNBURNU,NURİPAŞA,Nuripaşa 1 Büfe,40.9901123970516,28.8997294640795
150,SULTANGAZİ,ESENTEPE,Fabrika,41.1068004643804,28.8799166600402
151,EYÜPSULTAN,NİŞANCI,Eyüp Merkez Büfe,41.0437819980282,28.9296240005346
152,ÜMRANİYE,ALTINŞEHİR,Tavukcuyolu,41.0126963208443,29.1371265894121
153,ESENYURT,İNCİRTEPE,İncirtepe 1 Büfe,41.0234074838594,28.6916573098244
154,ÜMRANİYE,YAMANEVLER,Ümraniye Merkez,41.0248705029934,29.1015176829007
155,KÜÇÜKÇEKMECE,TEVFİKBEY,Teyfikbey 1,41.0117353555792,28.8019173032691
156,ARNAVUTKÖY,KARLIBAYIR,Haraççı Büfe,41.1814649980217,28.7119519999416
157,SARIYER,SARIYER MERKEZ,Sarıyer Karakol Büfe,41.1675999996834,29.056600000276
158,KADIKÖY,ZÜHTÜPAŞA,Kızıltoprak Büfe,40.9839479986186,29.0394210001994
159,EYÜPSULTAN,YEŞİLPINAR,Yeşilpınar Büfe,41.0779189982474,28.9172299997496
160,AVCILAR,AMBARLI,İnsa Büfe,40.9798309983265,28.70669000016
161,ESENYURT,MEVLANA,Güzelyurt 1 Büfe,41.0144219977849,28.6509860004185
162,ESENLER,MENDERES,Daşdemir Büfe,41.0401909982292,28.875215000134
163,BÜYÜKÇEKMECE,HÜRRİYET,Tepecik,41.0309981159754,28.5477062548902
164,KARTAL,ESENTEPE,Esentepe Büfe,40.9015079983817,29.1905960004945
165,BAYRAMPAŞA,ORTA,Bayrampaşa 1 Büfe,41.0348159984302,28.9113239999573
166,ÜMRANİYE,ALTINŞEHİR,Tatlısu Büfe,41.0087797744501,29.147514938834
167,BAHÇELİEVLER,ZAFER,Umut Büfe,41.0029999979317,28.8347530002782
168,BAŞAKŞEHİR,BAŞAKŞEHİR,Başakşehir 1,41.1007155612407,28.7902574035544
169,ESENLER,ORUÇREİS,Yüzyıl Büfe,41.0558949977879,28.858067999693
170,KARTAL,UĞUR MUMCU,Uğurmumcu Meydan,40.9284009979291,29.2142630004889
171,EYÜPSULTAN,MİMAR SİNAN,Alçın Büfe,41.1589379980631,28.9137959994612
172,BAYRAMPAŞA,TERAZİDERE,Terazidere Büfe,41.0311103973611,28.8978373399332
173,BÜYÜKÇEKMECE,MİMAROBA,Batıköy Büfe,41.0044369985535,28.5336170000138
174,ŞİŞLİ,MERKEZ,Bomonti Büfe,41.0577219979909,28.9835499996874
175,ÜMRANİYE,YUKARI DUDULLU,Acısu Büfe,41.015320998502,29.1494850000684
176,ÜSKÜDAR,KISIKLI,Altunizade Büfe,41.0223289984087,29.0710380005243
177,ESENYURT,MEVLANA,Beylikdüzü Metrobüs Büfe,41.0097809982277,28.657021000382
178,PENDİK,HARMANDERE,Pendik Ova,40.9324949980315,29.3257539998679
179,EYÜPSULTAN,DÜĞMECİLER,Topçular Büfe,41.0434479978203,28.9229210000096
180,KARTAL,CEVİZLİ,Fabrika Büfe,40.9161589982058,29.1695440000544
181,ÇEKMEKÖY,HAMİDİYE,Çekmeköy Barışyolu Büfe,41.0254369982472,29.1932620001049
182,ATAŞEHİR,İNÖNÜ,Ataşehir Fidan Büfe,40.976327998397,29.1349799999778
183,ATAŞEHİR,KAYIŞDAĞI,Ataşehir Yeditepe,40.9769619986024,29.1510070002352
184,PENDİK,ESENLER,Esenler Büfe,40.8875679979307,29.2730099995509
185,KÜÇÜKÇEKMECE,ATAKENT,Atakent 1 Büfe,41.0524369977802,28.790192000393
186,ÜMRANİYE,IHLAMURKUYU,Uhut Büfe,41.0181663950865,29.1367898250067
187,FATİH,KOCA MUSTAFAPAŞA,Yedikule Büfe,40.9989139982764,28.930635000365
188,FATİH,DERVİŞ ALİ,Draman Büfe,41.0290581848867,28.9440770783224
189,KADIKÖY,KOZYATAĞI,Şenesenevler Büfe,40.9627989984893,29.0938329998143
190,KADIKÖY,KOŞUYOLU,Nurol Büfe,41.0062679978151,29.0408249996589
191,BAHÇELİEVLER,KOCASİNAN MERKEZ,Mevlana 1 Büfe,41.0103319978533,28.839188000107
192,ÇEKMEKÖY,SOĞUKPINAR,Demokrasi Büfe,41.0251139980515,29.2303759994582
193,BAHÇELİEVLER,ŞİRİNEVLER,Kocasinan Park Büfe,40.9946797458522,28.8462153564253
194,KARTAL,SOĞANLIK YENİ,Soğanlık Metro Büfe,40.916956998448,29.1941209995691
195,BAHÇELİEVLER,HÜRRİYET,Dilber Büfe,41.0024139982871,28.8387750000281
196,SULTANGAZİ,CEBECİ,Cebeci 2,41.1095169042,28.8680275752494
197,KADIKÖY,ACIBADEM,İkbaliye Büfe,41.000525998179,29.0394240005309
198,ÜMRANİYE,SİTE,Atay Büfe,41.0092379981258,29.1143439997547
199,EYÜPSULTAN,RAMİ CUMA,Rami Büfe,41.0486238810004,28.9205149509508
200,KÜÇÜKÇEKMECE,CUMHURİYET,Kule Büfe,40.9981029977739,28.7750850004392
201,ESENLER,NAMIK KEMAL,Kirazlı Tepe Büfe,41.0288895161011,28.8957968577272
202,SARIYER,SARIYER MERKEZ,Sarıyer Merkez,41.1717520025122,29.0531382493427
203,BAŞAKŞEHİR,BAŞAK,Göçmen Konutları Büfe,41.1030039982312,28.7966029996306
204,KARTAL,KARLIKTEPE,Kartal Meydan Büfe,40.8897539977599,29.1896059997259
205,MALTEPE,GİRNE,Maltepe Doğuşkent Büfe,40.9391409979478,29.135315000475
206,SARIYER,ÇAYIRBAŞI,Küçükhal,41.1557116753254,29.0308921567877
207,BAĞCILAR,YENİMAHALLE,Kirazlı Büfe,41.0433149980356,28.8455120002187
208,EYÜPSULTAN,DEFTERDAR,Edirne Kapı Fabrika Büfe,41.0338989342805,28.9373413492587
209,KARTAL,YAKACIK YENİ,Çeşme Büfe,40.924320998185,29.2217820003587
210,KÜÇÜKÇEKMECE,İSTASYON,Göl Konutları Büfe,41.0257629983786,28.7733050001303
211,FATİH,DERVİŞ ALİ,Derviş Ali Büfe,41.0284349984948,28.9408170000216
212,KADIKÖY,SAHRAYICEDİT,Sahra-i Cedid Büfe,40.9811049981943,29.0773540003655
213,BAĞCILAR,MERKEZ,Naci Ekşi Okul Büfe,41.0338249983624,28.8645970005037
214,PENDİK,ÇAMÇEŞME,Pendik Kaymakamlık,40.8732719985604,29.2733139997995
215,FATİH,AYVANSARAY,Ferman Büfe,41.0332074689173,28.9423898578542
216,SANCAKTEPE,OSMANGAZİ,Polat Büfe,40.9912229979891,29.252712000221
217,KÜÇÜKÇEKMECE,FATİH,Küçükçekmece,40.9909448429848,28.7715490867493
218,KÜÇÜKÇEKMECE,CENNET,Yahya Kemal Büfe,40.9920564205256,28.7800020771113
219,KAĞITHANE,HAMİDİYE,Durak Bayrak Büfe,41.0947179978444,28.968566000021
220,ÇEKMEKÖY,MİMAR SİNAN,Çekmeköy Mimarsinan Büfe,41.0321549981253,29.1817640003526
221,PENDİK,KURTKÖY,Pendik Toki Büfe,40.9140099980882,29.2987759998728
222,BAYRAMPAŞA,ALTINTEPSİ,Altıntepsi 1 Büfe,41.0403460494189,28.9029585835924
223,ATAŞEHİR,FETİH,Fetih Büfe,41.0023569985371,29.0789689997585
224,KÜÇÜKÇEKMECE,HALKALI MERKEZ,Halkalı 2 Büfe,41.0354799977761,28.7927679996962
225,KÜÇÜKÇEKMECE,HALKALI MERKEZ,Halkalı Merkez,41.0352383948993,28.7894904969386
226,SİLİVRİ,YENİ,Silivri 1 Büfe,41.0787109982152,28.2552340001173
227,BAŞAKŞEHİR,ŞAHİNTEPE,Şahintepe 1 Büfe,41.07019599796,28.7284189994546
228,ATAŞEHİR,ESATPAŞA,Esatpaşa Büfe,41.0031629980188,29.0851449996408
229,KADIKÖY,EĞİTİM,Ziverbey Büfe,40.9887949983888,29.0429670005296
230,ÜMRANİYE,ÇAMLIK,İkbal Büfe,41.0079119978715,29.126010000358
231,BEYLİKDÜZÜ,ADNAN KAHVECİ,Adnan Kahveci 1 Büfe,41.0052549980452,28.6256940001151
232,ÜMRANİYE,ESENEVLER,Talatpaşa Büfe,41.0162505057915,29.0920980824566
233,FATİH,ZEYREK,Gelenbevi Büfe,41.0220839754735,28.9534481166709
234,EYÜPSULTAN,TOPÇULAR,Eğitim Büfe,41.0401080827043,28.9238577472995
235,BAĞCILAR,YENİMAHALLE,İstiklal Okul Büfe,41.0435629982945,28.839137999685
236,BEYKOZ,ORTAÇEŞME,Ortaçeşme Büfe,41.1479299979228,29.0870179996738
237,SANCAKTEPE,SARIGAZİ,Sarıgazi Merkez,41.0068629978089,29.210129000534
238,KÜÇÜKÇEKMECE,SÖĞÜTLÜ ÇEŞME,Kömürcüyolu Büfe,41.0235519984017,28.784324999716
239,ATAŞEHİR,KÜÇÜKBAKKALKÖY,K.bakkalköy Merkez,40.9810609980679,29.1117929997763
240,ÜSKÜDAR,FERAH,Güzeltepe Büfe,41.0330082793972,29.0730037808017
241,KÜÇÜKÇEKMECE,GÜLTEPE,Beşyol 2 Büfe,40.9950769980313,28.7951150000065
242,KÜÇÜKÇEKMECE,HALKALI MERKEZ,Yenilmez Büfe,41.0383759985989,28.793941000544
243,ÜMRANİYE,ESENKENT,Kurtuluş,41.0020599984482,29.1866309997876
244,EYÜPSULTAN,KARADOLAP,Veysel Karani 2 Büfe,41.079431997815,28.9274599998665
245,GAZİOSMANPAŞA,KARADENİZ,Karadeniz 2 Büf,41.0800659978416,28.881437999796
246,SULTANGAZİ,50. YIL,50. Yıl 1,41.0915978177829,28.8699976836666
247,EYÜPSULTAN,AKŞEMSETTİN,Veysel Karani Büfe,41.0857209984929,28.9260119998476
248,KARTAL,UĞUR MUMCU,Uğurmumcu Büfe,40.9377449977736,29.2127679999427
249,GAZİOSMANPAŞA,BAĞLARBAŞI,Bağlar Büfe,41.0608403539132,28.9137840731026
250,BAYRAMPAŞA,YENİDOĞAN,Kurtköy Büfe,40.8983951496091,29.2636918417656
251,KADIKÖY,HASANPAŞA,Söğütlüçeşme Büfe,40.9921289983174,29.0337739995788
252,BEYLİKDÜZÜ,BARIŞ,Beylikdüzü 2,41.0027056433504,28.654922656761
253,KÜÇÜKÇEKMECE,HALKALI MERKEZ,700. Yıl,41.0311309245043,28.7955868852647
254,BAĞCILAR,HÜRRİYET,Güneşli Büfe,41.0314289983539,28.8273080005758
255,KÜÇÜKÇEKMECE,GÜLTEPE,Beşyol,40.9943825581475,28.7912446979882
256,ÜSKÜDAR,KÜÇÜKSU,Rasathane Büfe,41.062135998236,29.0658589995108
257,ESENLER,HAVAALANI,Sarı Büfe,41.0557099980678,28.8677590004227
258,GAZİOSMANPAŞA,KARAYOLLARI,Karayolları 1 Büfe,41.0852369978758,28.8991419998806
259,KÜÇÜKÇEKMECE,MEHMET AKİF,Aşık Veysel Büfe,41.0530699981545,28.8028469998967
260,GAZİOSMANPAŞA,BARBAROS HAYRETTİN PAŞA,B.h.paşa 3 Büfe,41.0741309982005,28.8886040002363
261,BAYRAMPAŞA,TERAZİDERE,Cuma Pazarı Büfe,41.0343635519847,28.9002045951515
262,MALTEPE,FINDIKLI,Fındıklı Merkez Büfe,40.9689779985106,29.1229959998588
263,ATAŞEHİR,İÇERENKÖY,Köşem Büfe,40.9689109984766,29.117408000224
264,SARIYER,YENİKÖY,Yeniköy Bağlar,41.1227957485234,29.0549697608872
265,KÜÇÜKÇEKMECE,YENİ MAHALLE,Tevfikbey 3 Büfe,40.9968774293288,28.7810330519411
266,BEYLİKDÜZÜ,YAKUPLU,Yakuplu 2 Büfe,41.0008099982095,28.6727539997099
267,ESENLER,TURGUT REİS,Çinçinderesi Büfe,41.0574569979118,28.8652570004092
268,SANCAKTEPE,YUNUS EMRE,Y.doğan Veyselkarani Büfe,41.0176799980547,29.2583540002345
269,FATİH,DERVİŞ ALİ,Vefa Stad Büfe,41.0283969515641,28.9376769107695
270,SULTANGAZİ,ESKİ HABİPLER,Habibler Beyza Büfe,41.1327357138469,28.8327437533583
271,BAKIRKÖY,ZUHURATBABA,Dikilitaş Büfe,40.9921839985757,28.86979099974
272,SULTANGAZİ,CEBECİ,Sultan 2 Büfe,41.106875997761,28.8697369996683
273,KÜÇÜKÇEKMECE,FEVZİ ÇAKMAK,Sefaköy 2 Büfe,41.0076609986066,28.7920930003364
274,SULTANBEYLİ,AKŞEMSETTİN,Bulvar Büfe,40.9463519978321,29.3014170002604
275,BAKIRKÖY,OSMANİYE,Osmaniye Büfe,40.9923279977938,28.8808680000706
276,SULTANGAZİ,SULTANÇİFTLİĞİ,Evrenli,41.0968604916007,28.8611045386246
277,GÜNGÖREN,TOZKOPARAN,Tozkoparan Büfe,41.0148739985188,28.8964960003525
278,BAHÇELİEVLER,HÜRRİYET,Kocasinan Büfe,41.0037339980224,28.8417729996216
279,PENDİK,KAVAKPINAR,Kavakpınar Büfe,40.8809649979951,29.2807859997526
280,BAYRAMPAŞA,KARTALTEPE,Kartaltepe Büfe,41.0567207694078,28.8984815163273
281,FATİH,NİŞANCA,Türkeli Büfe,41.0048199978153,28.9597840003577
282,BAHÇELİEVLER,KOCASİNAN MERKEZ,Üçevler Cami Büfe,41.0068669980451,28.8414730005321
283,FATİH,YEDİKULE,Yedikule Yusuf Büfe,40.9940819982675,28.9245410000958
284,GAZİOSMANPAŞA,KARADENİZ,Karadeniz 3 Büfe,41.0809939981203,28.881801000036
285,BAĞCILAR,FEVZİ ÇAKMAK,Dağyolu Büfe,41.0423789980987,28.8593619995585
286,KÜÇÜKÇEKMECE,YEŞİLOVA,Yeşilova Büfe,40.9893299984969,28.7836029998081
287,BAĞCILAR,GÜNEŞLİ,Kurtdereli Okul Büfe,41.0405699984701,28.8279280002913
288,ÜSKÜDAR,ÇENGELKÖY,Çengelköy Büfe,41.0496739977922,29.054339000571
289,SARIYER,FERAHEVLER,Derbent,41.1274252919316,29.0378104732035
290,EYÜPSULTAN,MERKEZ,Piyerloti Büfe,41.0576359979902,28.9330679998376
291,ZEYTİNBURNU,SEYİTNİZAM,Seyitnizam 1 Büfe,41.0090475035202,28.9064517549968
292,PENDİK,KAYNARCA,Alt Kaynarca Büfe,40.8772669986307,29.2623500001375
293,SULTANGAZİ,ZÜBEYDE HANIM,Gazi 1,41.1005666678545,28.9059370003334
294,SARIYER,REŞİTPAŞA,Reşitpaşa,41.1105945752954,29.040145617629
295,SANCAKTEPE,AKPINAR,Akpınar Büfe,40.964428997733,29.2342619999502
296,GAZİOSMANPAŞA,HÜRRİYET,Yeni Hürriyet,41.0690544338929,28.9021635115524
297,KARTAL,YAKACIK YENİ,Yakacık Büfe,40.9191109985524,29.2249969997151
298,BAHÇELİEVLER,ÇOBANÇEŞME,Maslak Çeşme Büfe,41.0067049981994,28.8273109997868
299,GAZİOSMANPAŞA,FEVZİ ÇAKMAK,Validesuyu Büfe,41.0757359979539,28.9075450003833
300,KÜÇÜKÇEKMECE,İSTASYON,Aydın Büfe,41.033351453755,28.7696904706234
301,KÜÇÜKÇEKMECE,TEVFİKBEY,Yel Değirmeni Büfe,41.0103102781285,28.7984091537013
302,ÜMRANİYE,ELMALIKENT,Ümraniye Hastane,41.0342749980162,29.1009150000965
303,ÜSKÜDAR,BAHÇELİEVLER,Bahçelievler Büfe,41.0575112967816,29.0741892738508
304,KARTAL,ATALAR,Atalar Büfe,40.9015619977359,29.1670290005953
305,BEYOĞLU,HALICIOĞLU,Çıksalın Büfe,41.0487239977633,28.9501400001633
306,KADIKÖY,KOZYATAĞI,Kozyatağı Büfe,40.9671628235573,29.0980202304244
307,KÜÇÜKÇEKMECE,ATAKENT,Arena Park Büfe,41.0555119979613,28.7921399997725
308,ATAŞEHİR,YENİŞEHİR,Barajyolu,40.9938709978411,29.141222000065
309,EYÜPSULTAN,NİŞANCI,Nişanca 2 Büfe,41.0401754495715,28.930472397856
310,EYÜPSULTAN,AKŞEMSETTİN,Akşemsettin Durak,41.0869583939199,28.924894204416
311,BAHÇELİEVLER,KOCASİNAN MERKEZ,Bağlar Selgiz Büfe,41.0058149984817,28.8453350004459
312,BAŞAKŞEHİR,KAYABAŞI,Fenertepe 1 Büfe,41.1424609983108,28.7923540000156
313,FATİH,HIRKA-İ ŞERİF,Hırkayı Şerif Büfe,41.0217139984771,28.9420290004638
314,BEYLİKDÜZÜ,BÜYÜKŞEHİR,Beylikdüzü 1,41.0087954529051,28.6433930474232
315,ATAŞEHİR,MUSTAFA KEMAL,Mustafa Kemal,41.0035899977564,29.0933150001714
316,BAHÇELİEVLER,ŞİRİNEVLER,Şirinevler 1 Büfe,41.0010976850728,28.8469990866114
317,SARIYER,CUMHURİYET,Cumhuriyet,41.1470068510282,29.0360331198538
318,AVCILAR,GÜMÜŞPALA,Gümüşpala,40.9784555811273,28.7402790076875
319,TUZLA,AYDINLI,Emlak Konutları Büfe,40.8695049985099,29.3173459998649
320,ESENYURT,OSMANGAZİ,Kıraç 1,41.0425702021505,28.6467453461348
321,FATİH,ATİKALİ,Çarşamba Durak Büfe,41.0250435659291,28.9482875964991
322,SARIYER,FATİH SULTAN MEHMET,Büyükarmutlu,41.092875126127,29.0321152133121
323,ESENYURT,AŞIK VEYSEL,Esenkent Büfe,41.0596539985213,28.6755270000268
324,EYÜPSULTAN,DEFTERDAR,Şehitlik Büfe,41.0341685481146,28.9294532014409
325,BAŞAKŞEHİR,BAŞAK,Yeşilvadi Büfe,41.1095119978385,28.803061000297
326,GÜNGÖREN,ABDURRAHMAN NAFİZ GÜRMAN,Merter Metro Büfe,41.0073859985665,28.8965150001808
327,BAĞCILAR,15 TEMMUZ,Ahi Evren Okulu Büfe,41.042584998161,28.8200179996144
328,KÜÇÜKÇEKMECE,YEŞİLOVA,Toksöz,40.9922612789482,28.7892820329899
329,SARIYER,KOCATAŞ,Kocataş,41.1686391774626,29.0360001857903
330,PENDİK,ÇINARDERE,Üç Evler Büfe,40.8967579981729,29.2519719994997
331,KARTAL,HÜRRİYET,Hürriyet Merkez,40.9003209985083,29.2270780001769
332,SULTANGAZİ,UĞUR MUMCU,Uğurmumcu 3 Büfe,41.102102997844,28.8642180005351
333,ÇEKMEKÖY,HAMİDİYE,Said-i Nursi Büfe,41.0235859986061,29.1845179995472
334,ATAŞEHİR,İNÖNÜ,Kayışdağı Kar Büfe,40.9783139977333,29.1420470002394
335,SANCAKTEPE,VEYSEL KARANİ,Veysel Karani 2,40.9630109979533,29.2395880003887
336,KÜÇÜKÇEKMECE,MEHMET AKİF,Mehmet Akif Büfe,41.0508951040983,28.8040878649884
337,ZEYTİNBURNU,TELSİZ,Telsiz 1 Büfe,40.9999413031466,28.909803400658
338,ESENLER,FATİH,Yetmişiki Büfe,41.0406359982632,28.8693680000178
339,ÜMRANİYE,AŞAĞI DUDULLU,Dudullu Cami,41.0218319984394,29.1634909999584
340,KÜÇÜKÇEKMECE,SULTAN MURAT,Yurtaslan,41.0053573631799,28.7856961408149
341,ÜMRANİYE,ATATÜRK,Tanzim Büfe,41.0259192504743,29.0870594348502
342,FATİH,SÜMBÜL EFENDİ,Sümbülefendi Büfe,41.0032800518407,28.927582810016
343,KAĞITHANE,YAHYA KEMAL,Yahya Kemal Büfe,41.0850461403056,28.9875782216249
344,BAHÇELİEVLER,ŞİRİNEVLER,Şirinevler 2 Büfe,40.9971780225383,28.8454412600804
345,BEYKOZ,GÖKSU,Göksu Büfe,41.0792829981147,29.0745720001609
346,KÜÇÜKÇEKMECE,FATİH,K.çekmece Metrobüs Büfe,40.9868369979113,28.7699360004958
347,KAĞITHANE,TELSİZLER,Gültepe Büfe,41.0788160054516,28.9965300019422
348,ESENYURT,BARBAROS HAYRETTİN PAŞA,Güzelyurt 3 Büfe,41.0181159977375,28.6419909997697
349,KÜÇÜKÇEKMECE,İNÖNÜ,İnönü 2,41.02545400248,28.7982582210764
350,GAZİOSMANPAŞA,YENİDOĞAN,Yenidoğan Büfe,41.0585158060861,28.9234480523382
351,KADIKÖY,FENERYOLU,Kuyubaşı Büfe,40.9859629982902,29.0481600003541
352,BEYLİKDÜZÜ,ADNAN KAHVECİ,Adnan Kahveci 4 Büfe,40.9976699979908,28.6355809996137
353,BAYRAMPAŞA,YENİDOĞAN,Vatan Büfe,41.0372334630364,28.9158865197177
354,ESENYURT,CUMHURİYET,İnnovya 1 Büfe,41.0174699982255,28.6487740001549
355,KADIKÖY,HASANPAŞA,Salı Pazarı Büfe,40.9988089980017,29.055673999761
356,ÜSKÜDAR,BULGURLU,Bulgurlu Metro Büfe,41.0163408193124,29.0760475109403
357,ÜSKÜDAR,MİMAR SİNAN,Mimar Sinan 2 Büfe,41.0247821388674,29.0159276559763
358,KADIKÖY,KOZYATAĞI,Suadiye Büfe,40.9635659981821,29.0896449997008
359,ÜSKÜDAR,YAVUZTÜRK,Yavuztürk,41.0412204590119,29.0857453485381
360,SULTANGAZİ,İSMETPAŞA,İsmetpaşa 1,41.1120230955555,28.853518771815
361,ÜSKÜDAR,KÜÇÜKÇAMLICA,Emniyet Büfe,41.0135219977372,29.0634849995987
362,MALTEPE,ALTINTEPE,Altıntepe Büfe,40.9548209983407,29.1055320002968
363,KÜÇÜKÇEKMECE,YEŞİLOVA,Kazım Karabekir Büfe,40.9961189979404,28.7870149998272
364,KADIKÖY,BOSTANCI,Bostancı İskele,40.9528309977335,29.0934199999191
365,PENDİK,DOĞU,Pendik Mostar Büfe,40.8806089980507,29.2414790002977
366,SULTANGAZİ,MALKOÇOĞLU,Malkoçoğlu,41.1148431529372,28.8476813564658
367,GAZİOSMANPAŞA,KAZIM KARABEKİR,Prof Yaşargil Büfe,41.0773159980982,28.9081740004194
368,PENDİK,SAPAN BAĞLARI,Bosna Parkı Büfe,40.8879709981423,29.2219370003939
369,SULTANGAZİ,ESENTEPE,Esentepe 1,41.0978427062187,28.879736585431
370,BAĞCILAR,YILDIZTEPE,Yıldıztepe Büfe,41.0205979984576,28.8581760002355
371,ARNAVUTKÖY,YUNUS EMRE,Boğazköy Coşkun Büfe,41.1866376220075,28.7623244871977
372,FATİH,ŞEHREMİNİ,Şehremini İç Büfe,41.0145389981944,28.9288440000947
373,ESENLER,NİNE HATUN,Dörtyol Büfe,41.0361869981215,28.883228999875
374,BAŞAKŞEHİR,GÜVERCİNTEPE,Bayramtepe Büfe,41.0735379982388,28.750691000292
375,SULTANGAZİ,ZÜBEYDE HANIM,Gazi 5,41.1006571843361,28.912362529683
376,ÜMRANİYE,İNKILAP,İnkilap Büfe,41.0338049977353,29.1097770001745
377,ÜMRANİYE,ESENEVLER,Esenevler,41.011448998414,29.0906829997434
378,GAZİOSMANPAŞA,KAZIM KARABEKİR,Girne Büfe,41.0750599983943,28.9173540001719
379,EYÜPSULTAN,KARADOLAP,Karadolap 2 Büfe,41.0796519984299,28.9299769997096
380,ÜMRANİYE,IHLAMURKUYU,Bayraktar Büfe,41.0235589980431,29.1406339994597
381,ZEYTİNBURNU,SÜMER,Kubbeli Büfe,40.9884637765239,28.8986450847884
382,SANCAKTEPE,FATİH,Ortadağ Büfe,40.9588799982784,29.2144249999595
383,PENDİK,GÜZELYALI,Güzel Yalı Büfe,40.8597609981312,29.2808760001814
384,FATİH,SEYYİD ÖMER,Türbe Büfe,41.0096530944828,28.931033275367
385,EYÜPSULTAN,GÜZELTEPE,Güzeltepe Büfe,41.0775159983786,28.9571860004943
386,KÜÇÜKÇEKMECE,ATAKENT,Manolya Büfe,41.038904998216,28.7800919994533
387,EYÜPSULTAN,GÖKTÜRK MERKEZ,Göktürk Büfe,41.1772000001476,28.8894999999849
388,PENDİK,FATİH,Esenyalı Fatih Büfe,40.8668339979749,29.2990050001413
389,KÜÇÜKÇEKMECE,İSTASYON,İstasyon Büfe,41.0285262547411,28.7750018285461
390,SULTANBEYLİ,NECİP FAZIL,S.beyli Hilal,40.9394249986258,29.2801490002921
391,BAĞCILAR,100. YIL,Bağcılar 1 Büfe,41.058364998139,28.8548120004423
392,BAĞCILAR,FATİH,Malazgirt Büfe,41.0525539979685,28.8393630005081
393,PENDİK,ORHANGAZİ,Baki Büfe,40.868914998259,29.290936000326
394,BEYLİKDÜZÜ,MARMARA,Yakuplu 1 Büfe,40.9815559980818,28.6722230004921
395,BAHÇELİEVLER,CUMHURİYET,Soğanlı 1 Büfe,41.0145259979306,28.8546370004565
396,ÜMRANİYE,PARSELLER,Parseller Büfe,41.0257359979406,29.1590069995392
397,BAŞAKŞEHİR,KAYABAŞI,Kayaşehir 2 Büfe,41.1050709978993,28.754155999465
398,EYÜPSULTAN,YEŞİLPINAR,Çiçeksuyu Büfe,41.0792779979157,28.9222040001035
399,KÜÇÜKÇEKMECE,CUMHURİYET,Bereket Büfe,41.0008459982955,28.7751439997398
400,SULTANGAZİ,CUMHURİYET,Cumhuriyet,41.0883403735605,28.8796357230522
401,ÜSKÜDAR,KISIKLI,Ferah Büfe,41.0263189980875,29.0747339999171
402,FATİH,HOCAPAŞA,Sirkeci Büfe,41.015752267496,28.9763213021633
403,GAZİOSMANPAŞA,BAĞLARBAŞI,Ertuğrul Gazi Cami Büfe,41.0650259984895,28.915475000182
404,BAYRAMPAŞA,CEVATPAŞA,Cevatpaşa 1 Büfe,41.0716934049482,28.8851600040984
405,ESENYURT,AŞIK VEYSEL,Esenkent 2 Büfe,41.0625729979147,28.6719850005141
406,GAZİOSMANPAŞA,KARADENİZ,B.h.paşa 2 Büfe,41.0796059981875,28.8888039996826
407,ŞİŞLİ,YAYLA,Feriköy İski Büfe,41.0516079979665,28.9764849996976
408,GÜNGÖREN,ABDURRAHMAN NAFİZ GÜRMAN,Merter 3 Büfe,41.0084252293952,28.8870305557929
409,BAYRAMPAŞA,YILDIRIM,Yıldırım Park Büfe,41.0659093238937,28.8931000485461
410,ÜMRANİYE,TOPAĞACI,Asil Büfe,41.0506980039545,29.1068626494231
411,ÇEKMEKÖY,SULTANÇİFTLİĞİ,Taşdelen 19 Mayıs Büfe,41.0331979984237,29.2236409998075
412,SARIYER,PTT EVLERİ,Ptt Evler Büfe,41.1569731416275,29.0227103463818
413,ÜMRANİYE,İNKILAP,Vatan Büfe,41.0351694641822,29.1039874050566
414,GAZİOSMANPAŞA,KARLITEPE,Pazariçi Büfe,41.0610659986064,28.9298950004475
415,ÜSKÜDAR,KÜÇÜKSU,Hekimbaşı Çiftlik,41.0722129977551,29.0719529998676
416,ESENYURT,MEVLANA,Güzelyurt 2 Büfe,41.0153063688551,28.6557226460422
417,GAZİOSMANPAŞA,KAZIM KARABEKİR,Barış 1 Büfe,41.0837799978749,28.9122159996825
418,BAYRAMPAŞA,ALTINTEPSİ,Bayrampaşa Stad Büfe,41.0377827943046,28.9038238000323
419,ÜMRANİYE,NECİP FAZIL,Kemerdere Büfe,41.0189793113884,29.1741916460588
420,FATİH,SÜLEYMANİYE,Vezneciler Büfe,41.011038998057,28.9612820003369
421,ÜMRANİYE,ELMALIKENT,Adem Yavuz Büfe,41.0426527928731,29.0993628634761
422,ÜMRANİYE,ATATÜRK,Sultan Büfe,41.0279614790601,29.0975630267149
423,GAZİOSMANPAŞA,MEVLANA,Mevlana 2 Büfe,41.0825069978629,28.9155779995484
424,FATİH,ŞEHREMİNİ,Odabaşı Büfe,41.0123701200747,28.9311302550273
425,ÇEKMEKÖY,GÜNGÖREN,Kıbrıs Büfe,41.0293023983582,29.2231682968895
426,SARIYER,AYAZAĞA,Ayazağa 1 Büfe,41.1291279982989,28.9856809994257
427,ESENYURT,MEVLANA,İnnovya 2 Büfe,41.0162299981754,28.6565430002941
428,KÜÇÜKÇEKMECE,YARIMBURGAZ,Yarımburgaz Büfe,41.0498752187535,28.7542408313618
429,ESENYURT,GÖKEVLER,Beylikdüzü Beko Metrobüs Büfe,41.019421998443,28.6316950001755
430,BAYRAMPAŞA,ALTINTEPSİ,Altıntepsi 2 Büfe,41.0388544758236,28.9023435943595
431,BAŞAKŞEHİR,BAHÇEŞEHİR 2. KISIM,Boğazköy Büfe,41.0754879986248,28.6677590001517
432,ESENLER,TURGUT REİS,Turgut Reis Büfe,41.0624969981206,28.8634430001471
433,BEYLİKDÜZÜ,GÜRPINAR,Gürpınar Büfe,40.9922479982085,28.6106340003245
434,BAŞAKŞEHİR,KAYABAŞI,Kayaşehir 5 Büfe,41.1048229978668,28.7635689994459
435,ESENYURT,BALIKYOLU,Esenyurt İnönü Büfe,41.0327063972564,28.6889329591941
436,BAŞAKŞEHİR,KAYABAŞI,Fenertepe 2 Büfe,41.1333989979064,28.7879279999329
437,KÜÇÜKÇEKMECE,İSTASYON,Bezirganbahçe Büfe,41.0261001708441,28.7714333053443
438,ATAŞEHİR,YENİŞEHİR,Yeşilyamaç Büfe,40.9904009978678,29.1475199995578
439,GAZİOSMANPAŞA,KAZIM KARABEKİR,Yeşilpınar,41.0769028781494,28.9166039059343
440,FATİH,RÜSTEMPAŞA,Eminönü Meydan Büfe,41.0181729983074,28.9709319999436
441,ÜSKÜDAR,ZEYNEP KAMİL,Çiçekçi Büfe,41.0131700367557,29.0208355048925
442,BAĞCILAR,SANCAKTEPE,Bağcılar Büfe,41.0354299978528,28.8543820003655
443,GAZİOSMANPAŞA,SARIGÖL,Sarıgöl 1 Büfe,41.0586265248877,28.9165308313094
444,BEYKOZ,KAVACIK,Kavacık Çiftlik Büfe,41.0927579979594,29.0855559996195
445,BEYLİKDÜZÜ,BARIŞ,Beylikdüzü Çiftlik Büfe,40.996954998584,28.6457199997865
446,BEYLİKDÜZÜ,BARIŞ,Beylikdüzü Cumhuriyet Büfe,40.9995829983694,28.6491890000881
447,KADIKÖY,KOZYATAĞI,Kozyatağı Şakacı,40.9725399984127,29.0954679997003
448,SULTANGAZİ,YUNUS EMRE,Gazi 4,41.0935462189103,28.8947621195882
449,PENDİK,YENİ,Plevne Büfe,40.8840449984722,29.2307399996204
450,BAHÇELİEVLER,BAHÇELİEVLER,Yayla Büfe,41.001628997947,28.8606880001135
451,GAZİOSMANPAŞA,YILDIZTABYA,Yıldıztabya 1 Büfe,41.0651725060386,28.9316004328492
452,BEYOĞLU,FETİHTEPE,Cemal Kamacı Büfe,41.0530359984043,28.9586289997637
453,ÜMRANİYE,ATAKENT,Atakent,41.0188659979798,29.1074360004674
454,KAĞITHANE,ÇELİKTEPE,Çeliktepe Büfe,41.0832066525523,29.0008942111545
455,ÜMRANİYE,ÇAKMAK,Sevgi Parkı,41.0158296439485,29.1284776727135
456,ATAŞEHİR,İÇERENKÖY,Çiftlikyolu Büfe,40.9764659982365,29.1075139994549
457,EYÜPSULTAN,ESENTEPE,Esentepe Büfe,41.0675127458995,28.9390876795085
458,KÜÇÜKÇEKMECE,FEVZİ ÇAKMAK,Sefaköy Büfe,41.0040214678902,28.7941795996375
459,BAŞAKŞEHİR,KAYABAŞI,Kayaşehir 3 Büfe,41.0998169984105,28.7631390002035
460,EYÜPSULTAN,YEŞİLPINAR,Çamlık Büfe,41.076653997861,28.9244030000589
461,FATİH,ATİKALİ,Camcı Yokuşu Büfe,41.0248179982414,28.9427579999302
462,SULTANBEYLİ,ADİL,S.beyli Pelit Büfe,40.9825848300577,29.2619078004447
463,BEYLİKDÜZÜ,ADNAN KAHVECİ,Adnan Kahveci 2 Büfe,41.0113589985485,28.6291039996103
464,ÜSKÜDAR,ALTUNİZADE,Koşuyolu Büfe,41.0119314742008,29.0390494574456
465,BAHÇELİEVLER,SİYAVUŞPAŞA,Siyavuşpaşa Büfe,40.9999719983836,28.8521880003591
466,BAYRAMPAŞA,İSMET PAŞA,Şifa 2 Büfe,41.0415679985095,28.903463000258
467,KÜÇÜKÇEKMECE,İNÖNÜ,İnönü 3,41.0176407603496,28.803069366405
468,GAZİOSMANPAŞA,KAZIM KARABEKİR,Yeni Yeşilpınar Büfe,41.0746229979223,28.9173529997092
469,MALTEPE,CEVİZLİ,Maltepe Koruma Büfe,40.9176639980561,29.1442369995627
470,ŞİŞLİ,KUŞTEPE,Karkuyusu Büfe,41.0674449979938,28.9897130001534
471,ESENYURT,ŞEHİTLER,Kıraç 2,41.0333349983331,28.6597899998804
472,GAZİOSMANPAŞA,BARBAROS HAYRETTİN PAŞA,B.h.paşa 1 Büfe,41.0758619979616,28.8963760001877
473,SULTANBEYLİ,YAVUZ SELİM,Bahçe,40.9445409985273,29.2712890005981
474,PENDİK,FEVZİ ÇAKMAK,Üst Kaynarca Büfe,40.8786369984491,29.2665139999267
475,GAZİOSMANPAŞA,KARADENİZ,Karadeniz 1 B,41.0824269977519,28.8795920001643
476,BAYRAMPAŞA,YILDIRIM,Kınalıada Büfe,41.0692619678311,28.8920354514
477,KÜÇÜKÇEKMECE,ATAKENT,Soyak Büfe,41.049426998572,28.7838989997744
478,ZEYTİNBURNU,TELSİZ,Telsiz 2 Büfe,40.9977019984283,28.9139839995342
479,KÜÇÜKÇEKMECE,İNÖNÜ,İnönü 1,41.0201069983652,28.79745299961
480,SULTANGAZİ,ESENTEPE,Esentepe 2,41.1017856019255,28.8808338638217
481,KADIKÖY,19 MAYIS,Kazasker Büfe,40.9690179979532,29.0854869998667
482,SULTANGAZİ,CEBECİ,Cebeci 1,41.1106403703335,28.8639308711166
483,TUZLA,AYDINLI,Aydınlı Merkez,40.8707109982046,29.329948999706
484,ÜSKÜDAR,BULGURLU,Bulgurlu Büfe,41.0162762027146,29.0813241880476
485,FATİH,AKSARAY,Yeni Kapı Büfe,41.006102997769,28.953195999576
486,TUZLA,İÇMELER,İçmeler Büfe,40.8492289978306,29.3047109997077
487,ESENLER,MENDERES,Menderes Büfe,41.0443529983051,28.8749360003649
488,KÜÇÜKÇEKMECE,SÖĞÜTLÜ ÇEŞME,Söğütlüçeşme,41.0192953274025,28.782328435764
489,ESENLER,DAVUTPAŞA,Tolga Büfe,41.0334210850252,28.893931669821
490,ESENYURT,ÇINAR,Esenyurt Camii,41.0369776787276,28.6693712127246
491,SARIYER,HUZUR,Seyrantepe Büfe,41.0995759982487,28.9936979994399
492,BAŞAKŞEHİR,ALTINŞEHİR,Şahintepe 3 Büfe,41.063762998191,28.7469220002588
493,GAZİOSMANPAŞA,ŞEMSİPAŞA,Şemsipaşa Büfe,41.0694299983738,28.9071610005364
494,KÜÇÜKÇEKMECE,KEMALPAŞA,Çardaktepe Büfe,41.0029120957636,28.7899778877555
495,SARIYER,BAHÇEKÖY YENİMAHALLE,Bahçeköy,41.1793298928657,28.9927696799101
496,ŞİŞLİ,TEŞVİKİYE,Nilüfer Hatun Büfe,41.051461998602,28.9940509994869
497,BAHÇELİEVLER,ZAFER,Yenibosna Büfe,40.9994099980443,28.8345150003883
498,BAŞAKŞEHİR,BAŞAK,Başak Center Büfe,41.0984439986141,28.8051970000464
499,ESENYURT,NAMIK KEMAL,Abdi İpekçi Büfe,41.0108329980286,28.6921150003397
500,BAYRAMPAŞA,KARTALTEPE,Saçu Büfe,41.0558749330841,28.9037839938779
501,ÜMRANİYE,MADENLER,Madenler Büfe,41.0132714529581,29.190602025432
502,PENDİK,ESENYALI,Piri Reis Büfe,40.8579689982236,29.2932740000125
503,BAHÇELİEVLER,KOCASİNAN MERKEZ,Mahmutbey Yolu Büfe,41.0177564544823,28.8417597667029
504,EYÜPSULTAN,İSLAMBEY,Eyüp Sultan Büfe,41.0495349978106,28.929191999798
505,ÜSKÜDAR,ÜNALAN,Ünalan Merkez,41.0026828435357,29.066191129336
506,GAZİOSMANPAŞA,FEVZİ ÇAKMAK,Kazım Karabekir,41.0750961101163,28.9067746415732
507,ÜMRANİYE,İSTİKLAL,Anafartalar Büfe,41.0157348468142,29.1003193336651
508,ÜMRANİYE,IHLAMURKUYU,Ihlamurkuyu,41.018513998214,29.1407569997697
509,ÜMRANİYE,NAMIK KEMAL,Marmara Büfe,41.0198208195151,29.0966913232277
510,ÜSKÜDAR,BAHÇELİEVLER,Çengelköy İtfaiye,41.0468656182652,29.0765016316075
511,ÜMRANİYE,SARAY,Site Büfe,41.0220987802789,29.1166555829546
512,EYÜPSULTAN,RAMİ YENİ,Tantavi Büfe,41.0514749977765,28.9187800000089
513,TUZLA,MİMAR SİNAN,Şifa Kiptaş 2,40.8406349980866,29.3640609997065
514,ESENLER,TUNA,Hakkı Başar Büfe,41.0453689986098,28.8654420000017
515,ÜMRANİYE,CEMİL MERİÇ,Cemil Meriç Büfe,41.0275929980376,29.1490400001129
516,GAZİOSMANPAŞA,MERKEZ,G.o.paşa Meydan Büfe,41.0577609978725,28.9122609997494
517,GAZİOSMANPAŞA,FEVZİ ÇAKMAK,Yaman Büfe,41.0715259977783,28.9084729999445
518,ÜMRANİYE,ESENŞEHİR,Dudullu Merkez,41.0107759981139,29.1700490002784
519,ESENYURT,MEHTERÇEŞME,Mehterçeşme Büfe,41.0179339982773,28.6649069999351
520,KADIKÖY,MERDİVENKÖY,Gökay Büfe,40.9817229980431,29.0688999996997
521,BAŞAKŞEHİR,ŞAHİNTEPE,Şahintepe 2 Büfe,41.0778889983602,28.7270750001302
522,BEYOĞLU,CİHANGİR,Taksim İlyardım Büfe,41.0326229981549,28.9836919999057
523,KÜÇÜKÇEKMECE,HALKALI MERKEZ,Tuna Büfe,41.032834997852,28.7991450001473
524,KÜÇÜKÇEKMECE,İNÖNÜ,Maslakçeşme-2 Büfe,41.0222189986264,28.7967250003823
525,BAĞCILAR,KAZIM KARABEKİR,Medicana Hospital Büfe,41.0304219984143,28.8393250001707
526,SULTANGAZİ,CUMHURİYET,Siteler,41.0840711209761,28.8749338629408
527,KAĞITHANE,TALATPAŞA,Ekmek Teknesi Büfe,41.0634399977357,28.968170000526
528,SULTANGAZİ,75. YIL,Gazi Başar,41.0957031133762,28.905282727155
529,ÇATALCA,KALEİÇİ,Çatalca Büfe,41.1440849979301,28.4600450001961
530,BAHÇELİEVLER,HÜRRİYET,Kaya Büfe,40.9958469984632,28.8386509996803
531,BAŞAKŞEHİR,BAŞAKŞEHİR,Onurkent,41.1093412908907,28.7872991920146
532,BEYLİKDÜZÜ,KAVAKLI,İhlas Marmara Büfe,40.985382997949,28.6576430000463
533,KÜÇÜKÇEKMECE,ATAKENT,Menekşe Büfe,41.0372299985438,28.7750149995648
534,ESENYURT,BAĞLARÇEŞME,Bağlarçeşme,41.0352530873562,28.6751358263916
535,SULTANGAZİ,ESENTEPE,İsmetpaşa 3 Büfe,41.099365998047,28.882794999442
536,BÜYÜKÇEKMECE,TÜRKOBA,Kiptaş Tepecik Büfe,41.0248429986274,28.5148160003669
537,GAZİOSMANPAŞA,MERKEZ,Çiğdem Büfe,41.0636103845021,28.9097979072832
538,BEYOĞLU,KÜÇÜK PİYALE,Turabi Büfe,41.0352269985228,28.9684360002162
539,ÜSKÜDAR,MİMAR SİNAN,Üsküdar Meydan Büfe,41.0265629981329,29.0161799995226
540,KARTAL,SOĞANLIK YENİ,Soğanlık Büfe,40.913444997885,29.1936990000468
541,ŞİLE,ÇAVUŞ,Şile Merkez Büfe,41.1726329984832,29.608952000021
542,MALTEPE,ALTINTEPE,Fidanlık Büfe,40.9548969980999,29.1006860001057
543,ZEYTİNBURNU,NURİPAŞA,Türkistan Büfe,40.9867479037527,28.8991652704575
